image_id,hash
fc6390ff8dc95d76cb29129843b41935,50873238281dbea25e57a64407388898
cb8e67dad11092e861ba27be632a3daf,cb0f8c73a60f0f1086b0491765f3489d
4a02b658fc5adfcf8b1eeca9ded7da42,c3d431fa9837342e83c2a43561cd418d
1b58f18b169ac3467b61f08de3190023,465ad78305bd1f99e857464a1262af3b
3abb8c7bcaa4b7388728c2840b396f6f,8fa85f0d5589526a90f3aedb8f0367db
6a43afabb641afab72423e451a57eea5,b3043ed3e25294dd888488c5d1e9af94
bafd310d717d7c101435b59d2d17fc7f,bd876fac12c89c5d92b0cf420cb88b95
bd3923c535f19bc3c52b3bb7b0a9bedd,13e0fb3ae9ba62b01882cbbd273193f4
ae0f93dae69d33fb3b577bbf50678622,9203d20860f8a28e7c4a5ea2e0da53e4
9521c993284b38eeb878555af858011f,9a003b6efa48683c9cc41563e6dc743b
225298ec13ac269fe4f55dc1a558aaa9,2777a02ada4f67ae49af1d2f02f81e88
edc5b7b88978ab02f14bf7c036394082,4a5b15f58100b6a64489d56e1475d284
aad29d098539e3d43b37edf8fab6c7ad,10c59527feba22d952b9f0710d139465
30521f95dcc288fffa05ab17ef74751b,9600fcf319b4394d2970df442ebd5128
d27bc7705c9485689087614961ca6451,bd3fdc5ad2c4435ab1f74ff7915eb322
b1c30d2f67da59e99d84f39439932eb1,47000f65c32c14514799f6ddce43dea2
a720203af7f9ea064c67d0b8265a50ff,64554d813570af3537e0e5cfd268eb19
55644c128b31bff248aa5dd407cd6a49,348d3c8c332f046dd83b0f9000791454
2c7c920d9e001537c9d44933bc9bf35f,f7f95164291954ddbef0d17f13fff083
039445219a837ad095a31fae17739eb6,fcff7d3c51cd4f71521eb823d14d82c3
2165a47a7c13398fc121594faf7723d5,10ec181e52651904c757290bd1b19983
3d62611c47b22cd59c9eb2cd1962466d,53f902e6e7e34bcd757582aa82a64668
8ad63345a470beeee82217cad26a1085,1554bae33329f0bd6617f3c2f837afbf
8b5a0229b4be08eb9a3cb9470e9d169e,658430b520c2e9cd219b9ea36d1f4745
a2859ff8cd111dd36e91eeb047e23918,8602bc0da4cd665ca75cd426f8daab75
cb84e6827bbe4a3db7033e77d9d4ee0b,a269dcd84e1c826087449a3e1f6035f7
0367880b56e419116bd896aeb037c097,aec0efb69457211ed8f8364da4dd8533
4a7a954e9d422fb37b4dfcb81112cd2a,8434fac3ac26d91bd05958094c4b0cb6
3bc66ccaa265898645cff818f1a84c9c,97af948a85a99a279c69fd8c9387216c
dae03e09f61742bf9cd4e787ea82e089,7866ceb76e634240ebb3c227644256f2
d6d2a53596572a901a8de701c08d017e,e1ae79a6424e909660c6ccf584f6130a
cddfc82f59f7dd79ec03f2dacf8b53b5,b9093f979fd219639e92c70a91e5f359
dbc92e655fa58ae1a392b1206bc99f91,1ea83f06cb76c4e5292c95704514227e
8326268411b3b6099635486b68d7a302,891f8be2a5e6cf8ee2a46f9c2bed2474
755f17635ad3f3ad0f243cbf51139cf1,3234bdf6680153da02b9f83702ba8560
2c78cd70671166c36a3ccdba147084c8,5ad0ab550ba2e7b2e6de768851f42f6b
85f01fcdc7b095dab13975de1a859764,e14d3b1a4da0681d2b0cb2350f19d93d
b8774d55dd0dbb8367237e35ee0a5f86,60622016b3cbb01add1f99c0ad3f1cfd
a89cb8f8366a4fdcbec4e493239660d8,36bbbdb47866aa3550268ff5d4343fba
903885e56e0e0342e746d379147a0771,0dd7a5d466ce3cdb471c75d102055288
4acb3578551568c5d9b1433a849ef64d,52e46f3491ae129d66ee084e3c30522d
52b6ca508132aae9876c348c92844340,0406e39a49c676ca70cca36982a202b6
13828846c2fea1e4862d50b21d50dddb,3af2a371729983160da9b68f7ab82e9d
b0413af64c1fd5a0645aff294c99ff81,db056c9ea0e0d142d2e7b5df51f50a6e
fa1802e9afd1f8de1c5920bebdff12bf,c61a6baf8542a778d1dabb668941f2d7
ac15c0f9193014fd6544cb6793def9b5,043ca27d166c9b55212a2624b7024dae
1e332fcad99221bc0b7a58041a5cb679,a94d7110c1bc65a127f0f9f113ad39bd
fb0f8612e8a5f751646b792f140a9526,8ce1a1fb18a71406f1c48acea3c60d7e
bf6d86743b22db81318f7d862cfd9d78,ad2283ffc66d3f7be3aa38d2d775ed57
211bfde541de67c62fd23d27100f01a2,83d53130eee85a074bdf8c36288676ab
390f5ef9938c1e09d20995bf012ad837,4f02abeb3f75bde53d47b0c62303d7b8
f5159c001c296d5443978f313f24275c,8536667bac7adce8f8fdb6713b56d0d4
077b6c188c498813698f68d4a03a5f3e,13a4c0d2d4f775302481ecdf625993ad
053fe72292bd0e85968da09abfa22248,c03806d3b213689c167bd5cccbda08d3
625e306140908759121919c2e1237bbf,64e1d85166036bf69efb627654b9a13c
d815cd16a3e1a4ff4126ac4f670d2c7a,f8372ddbab7cc6043a029a97778d347d
dde7a704cc7e344b07285c1ec3d23c92,b61cf6dcbb479829542adef4dbb2442b
e02b72917d0df6f84d9d2d4fc49e5acf,cbaeae7a8943693e2b73b3acfefa7a3d
0a428c11b01adc7d083784d9cc1bd3c2,e5d70d78297ad7eb8fdb75abb40ed235
5a3c48fc08d4961ee739c2af5db0b200,5c10a40eb59fe3a88d1fbc1d4458312e
1f529764a5330a6db0318bd3f3d26050,67892f5a622a1975d9ed606103aaf1b5
b1b77ea45e3f3b4a0c7317a8302347f0,e4f49cf27fda68ab3d342bab85794ce5
a10d6e75c85264909bb9dc8e08a3a60d,507308067e43bffff7b2c337110bb3d6
5cd163c836f2b0d6ad2015acde2d98e0,4c7f9bf74765e79811e7bc9e9268dd7f
c6825bf0d64fe687dfff357b94b9c2ba,016681edc79524e5aac94091932c337f
3818833d95b2d37dda3bf00e847fe436,55102f4a1fd4f4b49fef70ac328776c1
fc888934393f430036cbd96455f806ba,98273cb35eb24119e87cc789938605c5
dc91734754b31d181f0838e9bd0dace7,3dcbe34d1d7b143d5d5cd1cf9bb9be07
b383d22c6d6d827d028a9fbe8b9da3c7,7971c5ee901c114ce99d99492e2164c2
21d8b2b11b7625311d112c083c44a0e6,bd504379eae91799cb57cf7c310dbf09
66fc2c24d8740165f809c99b4035f2ca,0e0179a5c0753fffc36d2a8410b93efb
1b89dd722dba319534675a6a6b9eceda,818d90201ce7edba54bd7f4dab8d8ff1
0ec0cca6497be35b34fe7f610b8e217b,f1da81850c1177ec7a83f096ed089a47
0436401437b90cd5d5f33b19a0ea5a92,bf02955a1f2fbfe496626b7a85e99ff3
0122e8652b07650c433561b632655373,06ee934bac504d11a3d5000f0c789e19
acde57c8de5aef8a1fb5470eed8177f6,94c085232b4d1a92b84dba7ac71bf741
890a76ee54f90e44df7248ba963977cc,76d1c0571f5194d1e348145ec5de8efa
4a9952d6a1afca2077bfa62a24f3b5c4,58690eab6e0735f3f2b96ce76a19c3a6
e0bbae1069232ab23add08b5b816e5a9,09792847d20cc50d7b320d8a14529923
d9fba26724f9455dc1d563c4efa5a33d,eaae54a2de97bee6af1af3744df86902
0eb4d78914ae5448688e119f568fbfbd,2cd37a614dbe567b2cd4a1f93519c123
3b56ff79f25608850a58b158a86d8c3c,a7941b08c7ec67643672ce3c52876cb2
d9da224aaf014aec14567110cc0eba0e,6afc63685ffb5dd157f8dd137a962202
1b9bc7cca65c4cfcc08e7ff0c9449ddd,3e5f6c26fa0a9f03525c2ec3e4bc70aa
94e510c9cf56ae48460463a5853c48c2,05ee751842ec84042c8ad7e729ca0881
027345824e8cf6c46c5138f5942a957f,e63293ce66be1e590f3507f33b9dbc2b
0a296916e812505738416bf8edde2fb8,579f48f53fa2eeacf2845c4d5ec150e3
b1558e029d74acea47d6c146a0323116,914321baff0c6026be546ab9c532b11e
7de1b333643c14e3c115364ffa1586ca,9dfcbaaef1df6eb40437321185049244
efb5ebbad97076829d0a2c9946e60491,cadb3153f1d2b53e17940aa80ba6b2a5
9bfb98c8b85d61376e64f1652658e3a3,22ea579bc203523fda7a4a6b6b5359ff
1facb9c098509844511165c6132ca30a,8f23f264c4aaef304212fb0982baabfc
237c594d8345f729b624b1bb0fad00ae,2a6e13016a420875eb3e0de9320cf1fb
9733c7756ff611236b8e7dcacd87a86b,87ef8dc52c7907e0c5e7568a07627aaf
dcde91b75fa22f86f81150d5ef44bd4e,3398c8beed4e830bef2e416402a0a6e6
d0d8bf93437892304a12eeda6735addb,e83b0076d82991cbdcbe7fe086883898
a9a6e19e189bc2b47629397fc01db732,b3ee8d33e2ced84ac09e7133612bfe54
b3fc74eb20eb2f9d2fd13a6c9a381a25,5be790cf5c133fb3763f8961fa1d3ec3
38df16a6d1b27787e507747a3e2a10d2,8984a18444353439f0672ec8f254e76c
4482c7d7ce1c9ba11c90e555ef29f485,54a30c30644509206c685d9c0c190e4c
e6676816f68b75b40cf386ea78e18890,4ab6f29bafba02b8de24e99b5ea1718e
2e0881094504742eb54c85a7a9ce2829,d137e2ce01ad446d9e603fe48038906c
4f1a0424e41dd3218c808089c2500a74,403eccd8fc86c2ae43918c33368f41f4
04ac47b84f8872836080279be36b88cf,b6348298801786828e4b2b846f21af2d
d6c70c2cd9491ecf95c9be9b06d54902,6893dc14d0767a6eb580f8cfae4bf4a2
9cadef1669e081727abce79d82c7e15a,395828891dad6c00a26e43e9263023b9
2a76d9a95048df40d9a80b4917daf864,dea76fd47b2c34f8126dc8db3d99a835
25f597dc033c5ec3cdfac1c4b59343cc,c545a02ca307931357804f7acaac97e9
81067c5585b482718c35bd11d6a4c621,9664b863cd88baf40519deccde8c7582
b291aee86a257b5076aabfdbafac2605,707aee63949124b6c272439c38fbd3d3
89b4afe746e81dfaa08b242e48563031,2f75aba82a78d5229ef3014caacd2128
9e9063975634f249fd956efc1b62da3d,54a3be8bbe7eecaea64dcf8d188c4000
07eb35ed4ae66b1a13c8df995e31cc89,2874f795a8b69e684de3ae484135aeff
5ece87e05f5f70f20151847c5f9e8ed7,8fd6add266336185853789e2cc4ae8c6
6539bc22d9ae8915e66b7644e2e0db25,9f5d17ea86a4cd239c12fe37930606e3
8d55acef52344c6c4d6befde4b2aae30,95693b29a62436bcd63aaf5b4425b524
8c5267dbe17a40b8b18a4476871356c1,ec94ea3ffb2b772766ccd035c02ba015
13935ecb4dcece054084e2a8528b4a7d,91961d99e22a6c3bf111f023897c9b08
9e1d59b3300c4e6f83d5ae81bb2a3512,f98bdb3e759920307a3c3687639cf20f
f56fcc9086e5700840fcf252f96678e9,beb76286c28c9a6286f93ac29c7c28a5
af6f369610ff5d5ac443b67cdabadd89,33589d869e8388283aa0a3fa3cf6d80a
67773314458bd3f682fd13070f2e45e9,1662577b7792d35a1b1e1fd691507e19
8209f3b56ef230b0e54ed0a31fcdce8b,c0e485b7aebbb964c6f76558da9299d6
448f3bdf084cebba245e1623cd302c2a,0e4422ec93f5d5507a5af6d6e4e911c0
eb0af8b777cd1e58c18d149e4e8132a5,7b21bb91bb8c7db68c80af4fca42f73b
cea8bdd59b3217131e4f9900bd788a12,5bff5197a36f10a114ff5d67253c9087
ae2b1d5fa4856e4fbaada3d19b45a8cb,55cab4120e86d8b8981ff0fa13232963
d719d3b9c00ee6458e44a2547491fb23,ffe5a6296c60b920c350787d24b337a4
9f73f4ff490c47775648175456fe39d5,f2cbb9869908c75d974e1824e4f08547
a7a49baec02c6a9450ca3f54cb4e00e2,2f778f22ae3b1668bc7b0bc81327a542
75d06538b8cb3a1c00714653e609b185,9b2781fb4e79be78e02475786391b1b3
7f59cf7317aaed5e573e52d35ad425fd,439ada93aea6f7ef58c75e99c4188038
4ce95fbc344fbee6cd7efd963caa1d7f,e8998882e84b67ff78960e6cb243b4fa
ff684bfe8fe06f20935671eb49d52ca7,5a13955b8e0a69165ca0341738a00b9f
82a42e96c8489ce3553f41059812ff9b,66cbb41037f6e1c394eea98ee24ed2bd
77cfa9536ae7b895db55b42dad9bd564,d3322fd9d837d044df850bcfc1a4a87b
e15954a9586333af1f459ebc6db9f1e2,91a94f572f84861e6dcb2772b950fecc
19b1c352ba6199455822092c154f1d6f,b6db2a78e1649c3a4b32af9a2b41f266
cfc21628e03777d5c9fc4266b7a7fe84,75aa26e65c805cd2f7c04a51696914d5
518a828a8ed8353bc770e9123f638c6b,03c573e47f2b795f705152f1a280ec74
5b4a2ce2b0f5e05e4cd997151f4b1a75,eb8dcee0062d4e698d66fab691a48de8
842de40ec548d81e1c5f79ec42ed65b9,1f20b1587dd1745475632940d2612373
a9ce15827fc3607b6a85a3b9c080d9c0,03f37c4e9273c1f4c4313422d2540c95
4ff20ab86143d2f02cf7aecc149063f2,bb6bab3e18ffbdc8f3ce7d9c1723d4db
55cc1df3ce3d9bc837af69f38da8a9e3,c9b7f81aeaae44280c69d167b3bdc77a
dd9af78f9260d71a6e9ee611866c2f11,3c3b35fd24c5392bccdf0862673b28a5
90b14d466f03a3181a369b11a16f5089,3634e99f67fb7ea4afcdc51db3f12053
5dfb3c577d0ffc5b11a7cee460d88bf7,19363e211deff145ee2b041c4372ea21
cd0f014effbbd21d3ef4b55d4fac8d65,22c569483b95334d0590328984aedfae
d8ec3f0bba7aaed4a69c4659be04099c,49f11a4415b91ebf90cf0f1ae6a9b261
aa0fc7b178947b9eed2d11462ae382dc,48297dc36c93de845bf47ed389981199
ac374b3fd01d0b3739c71a5cc6189a4b,2d72b46522113b61902b118fae6b9896
27a42d2f5ecf2d439176ec458b752b2e,9294b2d6bb19fd86cbd093b86df214d1
a648635727b8e572f885b9a336fe68b2,31b4df11474163343aec84e9d33ff511
3335b3207b836930e0387ff3639f8cea,8885d9ad8b1c3b1040691868f19cdc77
43669ae5d880e7b49f89d9112ff54bc2,d3a2875f720c4f2b6efbbf34aa56c1c7
fb639b2d7e5b7da395ef10c74b83c602,9ae8a53435f3af558e5d9b9ba4b984e2
b3cddec92a2c0869433c7b030ac435d0,63e06d307920903640f142a4a8fc633f
daf8b28fcc654bdd83a7e65322f013dd,943dc5c9450fdb933bfc07b5d2bde451
98bcdbce59fcf3921f12e72214ab1a4b,2d7babc9e876283b1da153baa06a3806
3ab5d11843104bb6c193de4e50b5b83e,9acd5e732a9cfa1f82c8787982280054
6a91e9dc8e2a784976807b3165a055c1,c13910d148817fd9bd49d5f015561245
4fdbe4a82446b2d464d671e6f7b0e8d7,4a26139778902afe377ac757d3066c96
e51da1882f9d92bdb58376a05079bdd2,c0afbb7ccef4289425af159f986ef0e5
52199cf6d632a4216bea7f97d571f6b4,11536149f9fcf938c1b0cd322dde5383
af5e3b71ad7d07631d8bcc572bbdffd4,d37464ce9cd23422ae043234d1e6ce9f
064cd7772d5aae842bf0179b74b58b6f,6f29d7ad26695493afb7b7b8e9d48ca5
df8eb6d76007525f731608bbb9fa2e8b,3a71d41fa726deb0e96be44f8fbf3368
b54719333957a1ab452218426f03994d,3459241b960e5af8fd7dcd67ef0dabad
cc79178adf117f1d6e810b1e73e43eec,24998fa204ee53a7e674b489d36ec781
1e8592197c9c727e1487e3fbc776931b,e162198e055dc6f6a013ea87e80c04f7
01839ca4001f91973b5563cea6c7512d,643d940a75554cfff3fb8d6cd7c58f1e
c228ff0f6480642d39f7530ffa247737,fa18eb8738467961573cfe6d3b6b19b7
2bdf343f1261228914714bf5eb9dab8d,5a3edf3fa3bcbf3ce6de43f92acf7216
b97c3fc4fa75f044eb95027b839be893,27a468eea31839223ec0a9884201f17c
79ccc55f401ece4e1ef7467a2e089d0f,8d1701beead26c87f73edefefce28c4b
64eb91fb1c0e72bd4347e4c41db3d17a,6354606575a01ec0f1c853448f75a582
c7b8d2c04f5bbc36c92dd51b95ce0834,2dea35918744fabc903a82d7c9add1df
52cb23489a10e15bc5a2b50ea9641d2e,2d6fa05bc3acc71e9f548bf0ed213650
e8ceea7a5f282938933ead3750aeffae,4f54024fcac30703a49686b1ad22d194
40a9ed21025cf186a4bde780e0e82365,edb3a550dac23f0a495b9c829bcb6871
f0434309b80569b3acb3dff72f714696,e2f14b4fdb1f0bc2c1845942e3c15700
e32d92bef05f6906015c66664a9d5945,c5e77d5649df52c66caf05e6c519a788
54fe283be7485a65c74cdddee4e94929,7aa49a454f33a84128f3f4418f9d7af2
d1be9939e41657bb2c3d263ebe262958,95f88b4bb3d703489c836ca2b92831e0
44e7e27ee6a2f85b776d5ecb4ee54c92,96bd1a60fae4aa6c58fd37877cdcaab6
59a2f3ef60ec9ab84cb357b9f05f7552,3bef368342098de60c2d0a82d40ab76c
b3d33336c2e4bd387cef672289601270,0025651f6607e2f6880ee9978836c0cf
06066e19edea333046d384961d72981e,af416a9621729212ee99855616a52679
a8a37fa06752552ff85f924a80cc88b0,862de6ce75692029a3b60315e19349c5
f64c4b19a2bff05c21967344f99ec571,6f6019538400a02551a0b8988d4beea8
9b81540ada148899a677db898e4e44a0,03f7840213fb2e8c7f057083105fd45a
22c5d8f70ce9163355115ad928b3900c,8bf2f82480841a0183ce6b26adf1e11a
8bcb9d089da50d068fba2b87f0d43388,6fb75fe602e5e0068b0ad7a2916243c1
d07d81561cc809e243d3796b88a29892,8d1e51d9495135124b5c7a9d62c14809
950fcaafb218207a8a4f241a98acfcc8,316698ddd450a24bb4ee2558a96ef9e1
88bc866c9cb70763f5c91f4abbdffdf3,441fc63662a2534eb7ddb52641894947
0d8678a53bd1d82bf81af44cdfeaf330,ae293b1a0688eca789e912dd52e25305
f404c24786c70feb83d007a152c68e7f,0340bca96925371c60c66308ccbbc9d6
35a4afb80d6f7bb6bd5ae81f443e8b7c,e3fa8e1be645c6e2bcf53529e024e066
9582c2913e6a9f68d6bb3ceb55e1fa12,0df2ff01c32a60a64927c034387eb28b
0375c01d24017fa1a3fbaeaaf189e1fd,a529be0190e2f989fef6493c1a3f0c8a
0540e301a18774a41f35ee4572adfa0b,3cd780b0f8878c563ded565525651e2a
0879a83f80295ffc1c541d959beedd18,cae9a20b6ce7c66f9bd137ba883e516e
ab8a5e3ebfb506159aeeef9ca91aa9ab,c6d820e4bee66bed18ff5caaf429913c
047f43d5e2401078d63b638ee9cbb4d1,a94a8fbb7f7988800e3c3f209504b9bd
f666f15d9c8069f73327cc11e71f657d,3b07d15c850be6182575fba0574ea5a3
1007512fe2e9189996989c37420c0953,a2581b997926487789ebbe3c22ae943b
f42235d1e24859c6850bab30d4e937e3,9431ffeaa8707f3b73341ef6aa04ffc3
f36d4eda12219889154a33f73a772278,68b63779d3776e62fdf958c4fe957039
b2b2647716ceb5db91c7ac37912ad184,389cb3a5d461cd3f9151f565e306d13e
3b42b86cfb1266b550d4cec44794675d,3515f3bbbb870015b7dbbc428f644cf4
dba7cf7539e4d1251fe2f9ed9a847c9b,d408927fbf729425faf84f64e316999e
09b21504e8f0b72b476d41c4d957f745,836d4d0f3814b0323523aa2d9b5ee4ca
b7d2aa08a0bd19a88141aa3e891a226b,f72048b9ec7a0cc3ad63e9d2c9c3f43e
be48ab5ac08cec2478860562f496e70c,0d9f8810a5811ad23e43133a39be564b
77a2d1ed2267f40ebe50d8993d1d55d0,3bfaec0af5b714bcb8dbc7083d10cc8b
e70aef7ef97c290c2986863a22676650,add35e0b46d0e63c9feb8befe15a93cc
d75f04ae15632b6f830a7706ffd2b0f4,a29269b4b0a91872bc5c7f4e8305afdd
9ba1b0a51667e9018cc041073add90ea,9ba0b15dceb098fe3c3595210c961424
0e8867f581a8de455f18110039909e62,6cb918d5afdcc1feca6388dde5457272
afeefe1fd633c9d5222b7d5a92554002,2654c2fd605902fc2b3bf72a0399452e
d0a24a590597cfb2dd7ae07daf2f6134,ab3b1f8e32acc541134d0e8594537e6a
044d9b4d751e6ea7539960d2e6a80ca9,01d334642c4565973443f12848ffa6ac
9c86801cab2f79c1c3c343a7be00f17f,5d01c27fc931bd07cf95977279de5f73
4a2ed26bf92c5b26d25271782e68c0a4,60cc4092d502b091d09420ace411a499
5ca7147ae2201cf184f0a61f6c48cd7f,1b48f7aad76348613dd027820813db6c
f7c0e92ad10fc8fd4a5c4012285031ce,1c2f7fc33ea9aded9c5aad90c50fcc11
2ed09ffbc046d545725fbea2c0cb1319,8d7bd3332bf6eebbecdd7dda672246b4
9ad8c436d8d50166bdf7c9575835ac16,d4bf57922bb2b3ded39fa89e45676ca1
15e0bc35cdfeaaf0436fb651a76ded37,e6db3a2bb18ef3ddd0f0eac456ad7339
da0e4e442349a21c7835571e0ad96d38,5c685fe7c39eefa321c2226d025b8a18
feee4f16c1871f7e8aed90459496add8,979658ee38c0200e1ac94e7deae9401d
d56c26da882a110236f8fa4ea388d357,718dc70b50884ea59f27cc0c8287d120
1ac55f1dddf83c69dd7a8a8404d5cea6,c771cb09ff963af3a89369be55a2fd81
3ed396fe14b5288197b9c8f83be37ee1,717b7bf5dc86378bdadafb407e5e66f3
106fbf2faa12d4bfaf7a56710a99515a,ca66bcb656d1c3f2941b27c410268870
1116ec4064e3b6129803d0e55282701d,85db17886595072c388ed800d53c71c3
73b5ef9c58a57a0fdc1c24fecb2f55c0,d8d65eadcf68b58f1aab24efeaf130cc
a177facf6fbea0e2f27eff9a5a1386bc,c2be02ba2be76c01a629cb597d1ad93d
04b3177ecebcb87deebedf5d1273b651,f51211d574872751d95edefc24d4c9f6
1d1d29093b4c48604457463e262faa07,ce91d1f942dbbae360c15b61d4b147ec
7f0fa6f92a9edb6ba8ff48bf4b5d0696,990362c1a7e0451e5ccc2a4ce7766cc7
ed0469bd9bc8133a57ee93d8560022bc,cd7d1aeb9af0d222a29c400f55b7cf20
753fab73f89b088c56c40371a303d2a4,64f810eaf4abed848f3e5b384d70b9c2
9c54986461a7b3d7a139309e06c4382c,9b71a31dcb21e3fab1c356a7b5d4083b
b3eb450e8a6474216a62d812aa9d2f61,14ccea5b333c7d53358f60fb29448014
e09e7640759db10f09742446555fa1ec,a96ab458fd09cd2ec34d373ee1393ca1
58984c0268e005f07f6ffd77ad401e6e,c73640ada6d6a9857f45d63f7b9d0c85
82ffae7c99df16dc17ce117492d64c24,5a839bf6c0b6a30b54564c5cf87afe2b
c355da8ad69eb34d768a8f588b4f15b9,0085167d81e88ca621d2bf6d565d9e1f
ec92319ec06d15c9283409d99875806b,4479e6d48c10e6d8e5bc4e253aa9a9c1
aff66961f5e66a2cb14e7fae52557779,7b275dedba5ea0ab6788ad38642a4047
8301a6ccad2c8c733a2c9973c650f27d,4052614a68b21de1b0ad739c91e09bd2
7cb9fdf67b02920506c87d54aef1919d,a49d23e3fe977eeeab9b0f7d18c0ed15
57d103c1b578cb1c834ddce1ae578e64,985565f17c2d6da3420a7d336160c9a3
a6da46dc328060f58c2dc2a07d26e33d,395d65a40999660f6cb30e3437e4fbfd
7cf2360ff26d0a38e10f63d1b0abea57,963671319959cc278630eabcbd7af6c6
5e2f2f4499cbc048fa8b5c2cfcd2a488,63d41075cc9cc9f2707b3faeda7bef0f
5af29a633fd2e0256d4adc5d85cf97c7,d9bf08a1daa5f2cfb64184a6f55d9ebf
72163d87c1593409ea4582df47444c32,135b7498bf2805c933092c3c9af204d9
32fd49f4f0891e27ad0d601a1fa772e3,a76e787460a56e5777054d05ee44dc8c
be238a73b338fa1ee7c947ded26bc8d5,5b3d176128eddc76fb108240847a6ae4
f8a363a9bf667a5277f20ff17f10fc42,3bd33c293601c13eb204eccc1cf2f36d
d40151cfb601007fa0d180cf6796a7ff,1c1cdf8743ee07baf81bc81b327960f6
08921d3fcc61ee672a58136788de54a8,88f2eaa7709453793ac31d0273f6b50f
2993be746e161b90fa158eb6790fbdd6,3ce6bc99c03a88dfd65b695b95fcc5e0
5d23b66ddf91eab0e7752225935fb7ba,128986577742d0a3448b55bd3289bd4e
13e042db64c16b31c765921aef59f5f6,4b408af947332d4f84b209a4834c9281
c13a59f99d07a799fa08bc24ca268a75,719c634d85453b71963846ee500fce1e
236dfe427247fba0300da9ba841cfd93,75e5b47448f1ed7f5859e738d87de3ad
e4eb3eabd77b4caaf2b38338cedeed13,94365bdd0382f7f83e2d91da6f0f459b
7d6f45ed473e7f514bba4e21af362603,35518cdcf611a1787105e4e062f305fe
3b2aebc674b529cdf444f5b7fa0d7da2,881bad4275f01fad3ea00001af33f3ce
a228b53168922b60aca51a988485d390,c053ac3b7085ed37440fbc69adcb38ae
b1793dd07587f731b72f09c2b9ed681f,97d0ebb270c3eb978beca549d0d096e9
31542a2151818e84cbea9cb75cc6f589,33c72ceeaf297aa47341a81e135b93a2
afb99561457832e24c11b5743891274e,d7656469eb4bfafbdff4988904e3b874
3a360a7ee0011529616cc369fdf04c70,532fa06e06ddc95c5b05c1d69ba2edae
9973fb8e032855a483b955f06686b4f8,5059fecf2cd31381de966edcc9753060
ba032b078946c367952798df7a746db9,8c2afd9b73bc8b3a350ce712b523a54e
0598d8961f2640f62f83e2e7df30b810,29610a7763fb241de663e1ff9ba750f9
8c1d0270dfdd7f6a04209d91b3f70a40,3d5c0a1e68c5ac59715448688d429eb1
91f5228261971fe40d29b81ce7641342,532a54fc2391ec582cb499a88cb431a7
3ae50e226b801ba01d697a2ce5b514bb,fc5cad32b9e9336f4399756bf0205e34
9aac28def5062ec7845e210ea589beb9,0323a4a528974e1d01eb04c86f6ef6d5
15aec24f89e5db571eef7dae8dc60c3e,17891e9bcf4254abc4c4156285c5c6a9
9a2e680a267ea11f48b826aeb9254536,8899d0b362cb2df7b388fab2693e36e3
49faea03c66e0294d765c25491ab7391,6c7223cd19c64b6dfc005bc4c45045ad
6d1697a07817e05c0a3b7960debfcfa4,a9b2d50fcc44edf68b869a01855507c2
39aba64f9fc772122de1733f6f875253,30d467884cd5bc190a6c396b60bbb326
617e6b8bcc1acf34a522e694fab73b9e,b8ad48d7b7170c156f2981752d55b665
1ea9a8f00207642c9f50d8d09b1c4653,d831fff8bb47995ef0f63c7c4e8b6cb3
69bdba997c36d6c4a04e6df0a39687de,1dc2ee849e34e71b0d4b35f52113c581
d1f17af9c1f50beb6817b462bdd0138d,ddfdd7c6f6bf3071f0d8f37159913279
55900223cdb22a1b7d952a7c7024bcd8,ad8b09e388096a081b8a4f556b270138
1eeb0d44af0b1aa7477256cc699c0c7f,bf86e454dff235fb045a4caa88570971
46de0c7fa4bc3ec12522c42601adc216,feb5d4490a07a1d8efd49cf9d64a03d9
b734828326a27754e5c4528ca6f91954,95948e80a8707feecfa8d64f37cb374a
4d97fca492b62c044e11b4693e8d3430,958cb5563de8f529f6c1a955d0ecdc6e
1be52c679963645a8d8fc2316d0b5ec5,386d0313fdda68fc1c95d7bd6202ab2d
8c1b9d405de850e5c6a6f745eefcf52b,817371311e7e534360869de8c4728005
a3cd8c40f6b7ffebd1b5607544463895,f06c1c80aea4527484ab87798e46303b
e46e13ceb9842d427861e7b599363554,8c2c11d30f0bde491b4dfb0a32d336b3
7e43c526ea5f7367ea31ec84bf3ab242,9635fc2ad4b5ca8575940120368e2a17
e2c6a563365272915e1227c9ca1ae262,ee90befdfc7569842674016df8f3d7f1
105fdb19d33c488b2aa54f406af2633e,f26fb1c8289d7fc842c9cfe2c3d6288c
25c4184be3ebdd76a431c2221acc904c,8f45171ee21a13f232840ea27de72e9f
4f4eb04fbf59aa3634cee89454d89f29,b558365d08deb69e8476710c1d1d4219
50f26bfc3b7cd8ce8e0919e94ab1041f,eab3576500b9916939decdb4717ed1d9
798a708887076174738e66ed52501ca1,6bc5045316432cfa9233bfe10e83daa3
d7d59bc986209a6b9ab69bbb2ca7eb77,6e53123c6cc901c172b0e7f3f97948ba
5eb79695b15f4b22411cf7077db2666d,fa8275af0577855f7a357accd5c7a025
252fd379acee9e4d8c9db0e33a454f6b,fceb1bffb7a7c4ca20ab28ac50a89ba2
2c0577856bbc90db71495de2a3b1b3eb,62ffd629c67c59d02399f791e5e494b8
d84c82d0aab58b91934d16911f8811f5,a875962f15ffad617c64970fba99e344
9bd98e766976f7437d8ed02f55a23860,a02277cf1c61cc6bd69eab8c300ab61a
937298c4d9a027dc6a97d04a2c50a44e,4270dd0dbcd655bfa029b3084fda7e27
b48a6ce7228fb4e4c5a048e14c846e01,8bff7b191b2c35e2dd58f41f9bc6a0df
da8758939672eb639f13a0eaeb2459f9,817143f57f4f224e02948c952e899102
bdb53614553eeca85c707f659bdb8791,ac4a6b6360c3c23205808eaa50eb4553
484e74c7b1afc7858644cb4ea4c59a0b,41dac9d6180396fe4c250379c251c6a1
c860efc6a3f87c2ab4373be85f06d900,e065a6e09d88cdb6dc755bec5193f435
5b3acbacd57e619d9ee1e5de50cd4a18,593329e4d356d0ba9be79e595bf03bba
13cc9d87ad7d6207e412a1fb175c7d83,1edc0bd58240fc1e8238734ab6b4f8a7
ac00a6c1da41412c250c7afef91c26af,a06e3b039593a30102a2d77a641470e4
83a473ab5692742495b6bc4da32e2024,a76e368a69887e1330657f7567e97c3c
365145b54604e72db7a38081de840d33,742db26659188c3ebaae650f3428a8b7
084b6bfbc6eabcddca838dabad951b61,31b2dd81b29e3d925b48aefd898af2bb
813fd60e048fb0084e352872694e31bb,718604039257b851f68513227defb66e
579bb1cf4f9d883efda46640f8e1431e,2c12ecae14ea54c4adedc490999c36eb
37388eea36f5c1ac1c5eeb7591ed8256,725ed7c49e433ae109c5afceeab01b0f
7e2f1dbb921e32cca3cebcf9417b99d0,c337de4970c00a46c92b22b15a26bb35
ade84ce2ff09cef1f8a9f08225f70c15,7b0dc255cbab6bc4d1d58abd58867d6a
7d16ca43d16ccecd23700e11cb446fc8,6f2cce53afa754515058ecabe2bbb59c
9410fe86bef40bc05b251d5b28ea1334,262681c9f42de678ec77365163df427e
a90d878e2e4801cff7517603af3e05c3,f82604c1d9965685716970a0b1c3662d
52545bf8d21322365c46cd989c64783d,dfcf6830fd37f97cacaa190af52aba03
8d9b8a99b8bfc3f8f5c4d50fc49ec084,2ce53ffcae3c628a1db461d1b7e74583
58f5a55e4aba7b815bb7a4fd62592c7c,fd4f3de939667c5ad763fae28fb9104f
b9ceaab254081ce1f2302a2c5f5e0440,f5cc3c2540b4fe21a16b2e7220964bd0
14c2463a7f0022a75c83400f46b19c58,c5e90678d4e21704cb989dbb5924521d
723c56c655057ff81be02a6e36ea1bf4,d000d66e8b78212dddfc96f1cc0b47d1
01c83cfa511a75e87791af517aa1ae5e,98167dab031e32d3f64d7bf7206ba4e1
a69644bbbdeb286a7eb034e5992afd69,5d6cbae2ebcd8e6b252d90e74c626113
f8100e77a0ccc84904ec02b7131a2ca3,7d6855a3c78d7b10a478057ac2d9b3a3
89aebbeff4562dcf29c1aa845adf622e,b23439078e86165fb0d22769811c53df
fe4bd7dfc81948a71aaded1a2596e046,fa6dc4f5dc3f37139b2d9c0b716622c9
51edbd74f9d15e95b41b0764c172e832,15b96467dee90c28c23d76e49c299497
efce0b78b578df7a3730acff1b789359,3967d3613bbd3cc7f09ead11fbf94f4c
00740b0493c85bc874ae8d806c628e7d,cdd5a2f3cf1717cfbe6e1af978f3c989
677abd8e1142587572ec9e98cbb3af76,113af6023916f9c50273b57cb3876390
664c9d5c1fff4f4fbeb0b27cb0118905,557c62b4f2aac229a2b07aa52878323b
88094179e5e36680781937b7198086f7,5f8edaae2747e013b04c342331fe8eab
5bc59ef31e6e5969d74c9a0f76b3c3f6,9c7a66ad78b34fa185996e4ed0b02bd2
2f18d970f7ec7ff06714d263cfafb980,afbdd2cf0942b5dec910c94ff41463df
bba98d579eca04e8c924e1222740d522,00474532334f22aa6facb6720f5994d8
12e30ff61d7abf373c4f9207164372c6,257a06e4df5059856c4d006de929f09f
d25ed93bf5d3e1842703b367c87d3c75,ed812491201e0c7bb8f89b49d67da3bb
f771ff812b8ca5df4cf1def49ad3dfca,6200f2571d7d726dc718dfa142e72a40
0701af078837683f7475a6f455072233,94580e337b8367784f09e231e47742cf
eb725b2b7d3133a97bd362458ee7e961,a299bdc2d0a5bda8e8b6f76012c50bdc
5494c9bbb9b212ad4720638410ce0e97,7ce1564470cf15c72d85bc073664a77e
c359cef138f42ff999e9c7a0cc6b5b6b,13c22ba23424630c6fa7cd53b8bb64d0
49cd6db255a5d64c5ad32b3b6f7f7d3a,402c7dfe16987dc3bfbcab9da140cabe
9e2d432b5d49c3544222776a66622e8b,72cdfae285fe04d0997aaa6479c7b63a
92489e9b4a15bf290e5e8f8ed72ba763,01eb816f6e637181dfcfc62cb4cbea82
1944d4066826e9c6aedad63582e15d9f,583f1659c0bbcc3c317d9565dfc2eb4d
171fcf9384d9f266b6b93ed280153a6d,26c00e53db3fcd5feb00dd8330048326
bb9153e64c51192c7728781370c8c93c,fed50cf043490aabf42851c1889a8ed6
94e70eb77ed3fe97a29e489e23b4983d,47dfc3cc03178f7b5ee757545d49bbc0
aa4d86c97e54a1261a5a2cbeccc032b4,39a463161f856cba638cdeaa9af6a988
c0c81098c1d65c46480b739396bb4bf7,b6416f57fd99a807119599baad42db66
40a712d5deea5b5eb668413d1c2b4a2c,e414a510bc89c64929a837ba9ff13545
9a952c27f28862182922128a319e39a9,dcea725062eaa5b579f977ccf8deabe1
5c7cc829d7035499e935e4abbde92bfd,5c5ad3a3bfdadf505af74a4f16995709
b366b85de82cc17f0249ed8326b860af,ce6a6675a8923d34d56c41c56613858a
3771ede12ac5f88aa9eef8b41a9e912c,576ef655891d681a41882aa4a7c51f64
fbe21cfe8634f9af98b5025b2f55fc8b,892008d763aa4e3da7e446f3e5ed8146
d7622fe775f6ea431da1383d46113109,ce7e290d42e78330b3203e2829e4681c
d2eadb6b7141fc5b36589ba6fb72d27d,d8a07dd891ad5b3108f8012e9a1a6785
1fa14d2cf7bc722fc3476bd957fe345f,36a6ce0cf3e8c957e8d491e9897f5443
35c5d2cd9c4c7b2e95746eddf9a997e2,7fb0b45689df9d62a1319dd00be8384b
4ba64128abc535647213ef2073511e1f,55fe87a7aec8f8258feb076e526b36a8
70e3d1505f0c5c30e7eb096dce3dcfd3,bd14b04d6369c3e497e05b08bfd466e4
13670429bd9f63858937143062b28955,b8576d55ae8d832439b71a30b942b6b2
a4f3257ed1823fe67b3f6475f7257dc7,2a5694c06dc9e004fe1e86fc63c61991
ff9e2ed25343f4f45b2ff5d8d1cf3cc4,de572dfbd875c29af3456da0c65b1835
751c60615320f22d891a475293bab6c0,832f17ece1562a43fe34553f27c6b004
b8e2722b3823a12dfe4d9525ef727563,0e1d8c33531b68508c878ce805b947d4
de7b8e74405e1279e4f9fad8830659ea,89b95e4783a9e5a56607238b27a2ca1a
8122e87e7d61d573b8a0dab4c4a7d985,3a8ae344cf08abc85994ec23b9060c54
fd7b2408ec7a76c6fc3e067d34e0269e,522f7adba2a8269236d672c59d726bec
288a46387c8534c513ca380d5277ebf8,51a384ed9bff5509241b77b1674f72b8
3730d395567d1e6dc0da22e73668e736,9da134e866e01ad535e4807c523915d7
7cb5dd97f947f2b1fb57c8771f52ec8b,6d67fa6576a6b98af14d20e322d8d836
76fb6a67fa93e226e35b9cbdc2dc274a,13d37832fc45b2768046511b9eec57a0
5282d47048fd646075c7d908c4541249,d0c280d343728e03d13764e649896341
7b7252663dd70240a1fcdec10ca89c5d,92f28b4ee0b6a05aaafbef55ae4d7d02
7c7f8d05cbe84696933d22642cf36101,95791d269a64be7bb3039cf58847933c
fc2b41f4caf2940a04b767fa6e37abbf,a72079c8d780dd7b6a62c994bab0b3bc
b84fae7b8b0ea992a791aa13467915b3,8b8ef19414f0b98c5b2593d96fe7be3a
9ee8b08daebc519bc1b0d5c5efa40288,7b2084ae06a65caa2ebf44a32cad760b
6afceb1da8035c13fb9111bdf0147785,3e5335a8dc5c63cdc8faa6f28699f884
876416dfb2b57addd910490de02ea15b,e63e3a3b1b641b407a1b714544f05590
2174fe12d4825c5a30f6b147a6ecdb25,69cb2db31360007c839e088deb39b0d4
2e9b28be0c14fc2ba9983ba4240555d3,651b4c2bbd6a659a57c8be413ee41ecd
b6ce1563e01a4f82e0c83621140c9177,c5fb712840fba4c48631196eb61901dc
4018dc7b83c01674e8acf0e13259703e,81c7c77158fccfd899df0e48b38ccde0
24f218bab429a6499ca318a114ca03eb,6e1021fc10a5c6be983d78f61de2ff2c
70fe30fa01d27ac8b087479e1c2648b9,65a7260435b62fca90895c163f968882
1988d562386c912f50fa99e2530b1f32,396fcde46502c1228faf1c79d62e5034
21fce7399b8bcae087d1c8971021c968,66932ca4cb7ba3d27883ab8b79e15b18
c19b84c514526101344fbc600370e15f,0ebaa2f34f891fa39e89f3fa3e396b91
3a4c32b55469fb1de44167b14dbe96f5,1a69a6c2d0be5838e528c679700f1df3
aa202aecd25d5df427e35b8d1b79358a,401052b35a7971d5c39608977bdd4819
b3925b7c9f015a927eedea602a8614d3,149868f640e608b0e64d6c92987bd0da
418f16b2c0b701e15288801cef3e3aee,eb9879f374600224d5d6553e3455893a
01c655241f6d3371eae67e1f540ac7ab,976d28a995faa9fc2b5066c4c2505235
22110eb458c81f7deb6c3fe2e6ed95dc,d3a222ed1a0dd96b6551565d9b0c2c81
bddb5c93ed341851eec0599fab2774ec,f2405ada5dcad958e91181c426198035
2672ca78135b90714661630a063df47f,96ba00497b89d09ea204fb196c739909
26aa22c113fdba7d5c0f8be300430bc6,5699dd58a2c9a4f6fb07bae10b99cfc9
0c87e38c04ed2a7e79042a5ca45208dd,39c0d7d6810a0cded65f6e77aa5280dc
ac4f5acd0ba99ca38f05285631613f4f,ce00a4dc8ce06f701f092f0c350a328b
1b239367cdf27ba28e5b6c9428b252c9,1652e270ffb8fc02eb930056ed5bacb2
d436edd2f8731580d8013efa025d0bf2,b84fe6853a3f495190d261205293de16
10d4d82517ed5a4faae3bf410a57f3c4,c398746fad988b04d693aaa9c36ef7bf
53d475b0b893bb5dd1c122c4dc766144,797937b0f415454f4605e0c0835cc938
f411473464aeda4e8fb462e8f2807702,298a3865c487b6a2640c25bb585b6591
590fd4d56b5e5d045f5eef2e5552038e,fafb9ee2b5e814b6644b1f4494f710ed
1f13d70261ea2ef663f71583e2ec217f,fdb623e08309be4c7bf6ca3a9ec77066
e2a831e0575afbe2d658e7e979a332ea,1e7a3afb8b065c4541d5c5ef37a4f83f
0da136d53cee269c06b58e03a618b85b,60678ba35d4785f64e3722534fb2b809
ef841294faf6aeefeb48f62cc59c5f4a,c66c3a812d6b054631fd4795ddcd4c1f
0a4362470227c89953243aaddc32cf2e,7c52dd129cad04bf03e34a8a3445ae88
c8509383c17bfd23084de63f878bde7e,ce6312ef29a792f822cb39073780e910
0548a99c47a1532dd896d94355435fac,f58ced0936c5cc2118fc4156e55d1d2a
a6f146686c47ae10d6718917b2b8d72c,43727adeb9cfda5d31f9480286f3cc32
917a36b80cc41eb00b93165d5906e510,400acebfc50c7ca79fe684524936adf2
0af97fd5b4dea54a7e04ff15005b5182,eef1738c4c690592666bc6b3b3c3c03e
59b9ee01399f3bebfadeb5aa28da71b1,8bcddbef56bc1018b7af13fbe3f9d1b2
683046843ab9e3a6a35af931359c60a4,2c605f676e81ff1553cca34e88b5be14
85bd7226410838a388d6d017d363aaae,2dfcd08e02e2b733f40983042e84f0a1
07b69fafed14ea4b238f0b8b92fb591f,c50c66530441adbb34a6a739a4887f0a
79663d80d0262c61375f944608ff88ce,d05acf4f33d0b2047aa1103521caff98
00b6aa04685d424550f50d71002c3642,e6ffdab47687e84a0048d6347fdf8df5
7a45e197c0cdbd5df85ac8fb49c488e9,3a3bc97ce12f0a7ca9d2eb86036bf5bf
eb87b1c8710f0df65745ce89c9893392,c3a672d443090e97e62712987ada51fd
56e0972872e92caff26327e5b5aaf9c8,7c0b0c785d9391cfecf68d0e74fb82c5
b3b22756de443a902c6aa03b3d134606,b26e39cc49ef157ca736dc6bf79f537e
91413d780e5ea505fb275d0261fe8b00,e8a6932fcfa14e54a7ada83de62becbe
4340ff360abcf77b4773614b9ed1a5f8,3e3ced1b8ba37a6676e641bf8a1abbd8
c6b27f5a7dc43a9c684a06614f219b6e,9be75dd9840f3f8ec6fcbc2aa4a848cc
e1da1bf9d00d38a5a2874abe717f4fbf,29e30a03f956096400da155815fd6f0b
9aeace9d01874cc7b2274f27ed5dd086,d8be6b98f8057ccdbdec2e670982fd97
dfa2c35b641cdf1df8efb333e7453817,59df321e86f8fbf57af4201296300f1d
b844286ed919405867935e08ccbff1bb,febbc8d06d85d9f8da17da5c4d1fa1a4
07cb7666cf1a545b656c5cce935eab1f,995a3d22e25fa453dd26a59413e5f6ea
5ee09f67117fb308d52c0175f1257392,27b47abcdb68cf0ba72053d82843a5aa
108529bcdce1a6be4c123c4623a0544f,77e317aa111d173df1681d9d6cbaa507
b1173711526f4cfb57f5bf4e4f6c5d94,74ba237758c94db6ec74499b35413a1f
8afd2373f98cfd65e4de9d2fb64a51d6,ea9c631780b480d7e588895807f95446
e0c0e0d17cf9ac835349041ea59c2f11,7d42751fbcbca981bafd4425b6d5439e
b0bae802d78a8512b1ae59c8cfa1a2a7,5114655a3fa778fa61a5a64c8788da56
ac516e89dfbb95c73f5b82d3d9751ef4,599035d766d41ff8c62091a19dfe9259
a3572bad27ba796976ac6a722bd293f8,340fe70501001c4da04151dbeb39cede
43ee24c64ee21efd3d6a0f4059390662,69ae2c31682e80a5c547609370d04494
4bc169907321cf1fbd4cfacbb4c88593,07d8ecc3fa42c119f4c284afb5964696
5a053718ec60c042430c162dc3eaa1ed,1b87723c0a40137c28a3ad4e88258456
fbc7da3ac2c317b192212e83bc98d93e,7f911e0dc5a7cd93d63659e3bb1964e8
38e0c609230933efedc082422b6e3f4d,8e86fe3291bd856d7659e2e3e538c271
353cac4a51b4a5a66bd2151c306fa432,e1bf2cf8e410a9cef2f91622cc3e94a4
80d3e8b10c29bfa8ba645e6319756ee4,fb084c3233242cd6029ddf376f6cc679
1537d5e8a06d9cc67fb44dcfd5bd4a2a,db3883e4cad7a7c70bea326de9ec2b36
787ebac6f6f55d61e8407b85ce6736c2,01745bc518ec1e5fb5244bca9db9417c
76e1fdafe6a46f11473ca53d0de8d2c3,d471d7846867b3440103ad842c689b53
52569e0e713755c609c5d9d6d76bb592,40f286dcd67ef0419c19386943ec4f7d
d7863d50947e1ec57ddf61acd3752546,ff6c6b8167886897c15b388aae4fd6e4
88b3ea9caae624fa9e0cdd9e8f7ffd7e,e6fd528671ddf640ffecb935be800485
e0c3bfa0d96f891e02939678752630dd,b4396bf51fbf4c37b7cceb77308128d2
be11f74e56fe6df7d13c85d5ff6c35ca,d3fe4c7eba0c1c98c608dc74d77390a3
8e0f02bfc12304a7e88f8f6774b60443,87736ad527d3c41c31e7b41656115d7e
4fe4499c449600a3d2cf69c5642dde16,e84b9a849298b8ad17b7598b77874791
2ff3b97c4127726a58ef0de0ebc46454,785fcee121b8342a949f3834aa96a9dd
133e9bf63791f8235ef01d3c5500fb17,b89e5543e73c0ca1047f8ddefdda169e
48933fd8f4c84923ce87ae36467ed48c,9e6369c3f28c1d01922bf77142cf9aa9
bae5236fd5e9e154eaff74dcc97d1235,1f32d7234ae3fe08cf3f94a922efc276
c8362a350b06e90401673dfa61c60697,0f5000e45c62d7ada79e639cc318a302
da3987e9b61ea936cf7a9fe16de45076,3041995ff19b755d60c86d7ed799954e
50cf867976be643817daaa047699f2ca,fc9e5a397866d01dd4792965f7a07699
a402616669eaa626b8b1a220005a134d,abdfb896a362e5ad6c79287496bf825e
88b7a9f5906582908170de24ad808831,dd3fdf113e356de73b54ca52307d8098
d345e8a5bbbc28e6ac1040633ba0cb19,4caaf2d9e836c59f51b9b09e1c59454d
c17a69b85c48209ed1bb257e682fa64d,878cbe441aa002e1af89e2b389242599
242e2ba46889680174b6aad76cef29d1,554bc8426e94a439310be97feac5cb5e
29d300a4568ffc9b5488fed10d0c6310,b6fbd2443ced2cbd631a18ed194b12e1
2dc943ffc0bbc88fb82e692987cce4b0,384679d4a0d6e131b3df42ef17838485
026beea367724f1c09a9cc9d3d65acc3,92944eb2cf53b3718768f137a3db3a21
52d9b7ba6435df2a9930f3550fdddcc5,b32c72ccb3314e7c26186251903030be
183dc14a99239b39ace13f9a34de4bcc,8b52432b9615eb1c8d7dbd60e5853648
f29a362ce0053a2f4bbc4b081d9c2e05,d4e3dd64cb182ceb82b11b2731a3bc4e
76b424d335199d1edb523003882b4edd,af43a86c92113ca8204e56514719718b
580d6093cc8e389f3c22fc00d737bd6c,33d2d3fa065467028013dea63fe77ba2
28cca1ffd6c2e39d4f067b62fcd83c69,8d7514aaa0c564356e642ee3a7b8ddc5
3981773d52b7bfce43ae13175848c499,730e47193c2ab47ce9f47604c01c73dc
5d4ebcc80d761ff277b67e33d9e9ef2f,682a23b09b64e06e4e537d8667d85c5d
ff33bf79c10f7b2678d61c80b5c04e3c,d9865b0ffe8b146ec6c3960a7588630f
5dd58cddf6d9d684e9a3f73252d56d4e,e83a0d555355648696d9b244d5bb6677
f3c973db56aa9755e492fc8c6517bf1d,e950a846418ace1d86341c5278774fe6
8aa14e6557d2c5edd396057565f203b7,9af7d303a777cc6e0241d90757485d71
0583a6d8c5683c8dc7fca3f794b91ac8,9424086aea0ed0a37e3f05c3d22b4cc7
99c79dcdf90f3296d6ec1b61b8bf9293,f8348f1f39b61f5b9fd06ccc96d3757f
2102f163e9c557575653a33cc6ac0924,9d21d5b3ab97dedc4985a2f6a4288163
7e60a38b711a4ecacfd5e0555121bbcf,da8804ce40289838cb826471893ffd9a
77788a6b62ca7f1338c4aab1bb37c60f,9e76790b1fa3799df37a3c6c96df4958
14ec10e6494274c13cf47a3396feca0a,ccd72dcab8e63a0c1de9b2194c986b4f
eccab5464d405f2b5adf1813bc5df782,8d39575427d8e25b237e698e45550150
c64ecabbe8f90d51741d82d1cf548942,e99acbd32cef91859d618200ff17c8f8
41906e4a17927ad12e1d5a34d0c21f62,c88a40de628347c73f9e65c27ace6892
6ab96c83717da45572a01667e7fe5f3c,923068d21636ed9a055b145dfb394661
9395d82dcf8680ce0d92e0f8cc77df83,30fd71844a512f018592d2ad5e43b228
85d92abef90993108f7b0a23f615f6ad,3d2f81428cf7faa61a3fb0b06ce79f05
70ea59c69474df3a81aed1860aca2585,644fe9136061d7185bc1e83c6f848488
67f115ba800329ad2175a0d9f8de6432,d9ae1bd2258343e103672f1a43c92a65
655f73046615212a8f4e281527eec57d,acd21ef550dd0d16a2a532ef84327056
15a27943f5a4393edddcdde78da30783,2c0be8a975d59caa1fb975932abcb7af
121205875644b4e35eac99ebc1c80115,e64bac7efdd516748271b14261e21189
4782490be110afa91a8d4f1bbb3898c0,0a468a4cef0c72f7a4716bf2d23436d5
41e5bf015aa073ffd89f85cf25e922ce,01fc888ba94af59f2e051216cdfdac51
c63a56ef346b342c54de31a2e5728153,8a5f1a6e44d184e2a41f04e3c367b20e
691fa79fac018279d62b2b602f635a3d,30c1101f213948ec3f4367cf5191ad5d
ec36e85b0f23fd747e8cd4c2dcd9c265,9bf21287effb9cd91d2affcef759deec
b01313d6607864fa75d057c035f70ef6,01d52d955319457921bce84dc844a015
77a28eca01f4e013c1ce85d858ff9cc4,34314e730ae2450f660243ff6895bc56
409b0e74846d58ffb855cbbbba87b00a,9d6bfa653056ef5ea3db650712699704
885bdff029535b94638ccdc96811c74c,da7807ce81b27e5efa830b0c51a84e55
0653ee778d50e28d63d51dd577bd567b,ac209b503eef9a9f5ed7a64f1f0374f6
7276ffc2b161343593a1774a756fc679,d0f4d8ece08afd3f839199ea5d865a3d
a4017783b38dc4d8872357d366cadb3c,a7325c221c4fb37c5ea383144ac03fa0
dc73c053516031983bc30ca08bd49bdf,8cb7859dd9bfec063913748d33263ce3
71a2695c1c7c3deb3151dc4ef0ecfc1f,6dc7c07ffa7d43e352f205da96e1083a
167df96258fdbab120a37a9634f49f34,8bc4bb4292dd30796c045b466da97c0f
5b3e783857ad36f175008a334205bef8,b12d31703893013b055a2b7506eb36e6
445a9318879c5c6570c6576956604fa0,323d0ba0b538a3b59a7fa57ef9498005
62a52bfd3dee717c3d95e0b9d37ce7f2,ae58705f8fc295e62fd0c936f9fca42b
d9888914feef1888ea6f209837075a40,7c2f68de56413533dc2022a4321fc256
0993684d1fe104c4696fe96c1262f778,28fee242985b6e17819c960ede00e060
4c79771da0938272c6274534cfbcea1b,7708f75035f36d6d90d6f23a0800bb6b
a187844a8875d698d655fe878fd2c53f,5b79cca62c1b37049af94b2b177481dd
d91632fdd97df4b9834a5dc141da102c,1901fd4da1ea282621b85322074271f4
2c64f210d651152e325b86a9c88c8aec,d24b04d8ef03513fa101e0199818cfef
7d11a02af031bea02b5d2cbade685ad6,f183bcac173fb7abd07165c13d63bb3d
26446050921f00f57a216d5fff0dfca4,bacaa39850c8aa46b8cce8f2aa4ec7ce
1abfe2be3be3a5be2308f3e7571c93c8,bc6471331e58b9c37b18f392f86fea94
dc5d0410e262edf0d604275e80725839,190a56b9384a9fd7fc200a05f9b8dd74
eec9c9ab026ee9089fc51b97e855cfa6,bd0ec299f5e146b541961138dcefdf81
355ceefc653ccabf31c93c5ccb8879f9,c8b9dd4e0cd3642eaf8e55462e08a618
5b557a24b2568eeabaa6426a4f31f0ef,99a545681c21213595cdf0dbfd2f9e00
0523811596d50e088d19f75334935aa8,9f5d3040ff5dd927ec144fa48723e039
8fc6076cf3a2c223da2ec6878ae0ec57,1c57e4f55ddbafc24441b690266c7d15
7ca57a5c1c9a74abf1c55e4a967eb4cd,7c0803c63b94f57140c42d8b31124db5
42a30d30cbb35fdde52e30a4117c1d46,34feb978fe3e5fe89787a3534bcb2477
e6fa1ff3073dccc9097047eca5e173b4,fa10ec85335cc2c35c7d6e70d2701341
7dffa4ce0e433ebaf8b6c03f62278b76,412548c1944e349d980401fb7428e45a
25271f2c56f54f4f08607dd48f6b9812,d045b793692626251e51eb015f6bdd4b
4898ac156470d9f02a9284b27c69529b,5b4f2c7d5e73c6fb0d5539f0cf19e3d3
92e1a073a64844dddc046b187583b929,3196442daa79b1afb872f2995b69b57b
0a1940f595270d3a577647c1fb1b518e,f800c417d1e51629b1fa6fbd7147ac43
62a5068196cf8dbabc294c6eefcabf22,c1b1c88808d3c360096d44dc4b654bee
5188c15c01dc819ac4694e6a0c3fe877,62e7db084795a6bd963c494839662054
f2ff4bc4aebccaab235c26c65623ac11,a631948e30f066582429d67c3fbbf8e5
3baab5213ba34fdab642d730a98cfc53,5c5e946be029700361d7689f0e441422
7648c5edb71ebe3158ff59479f93cdee,941134702ce701dfe6e02d0545133904
52623048d3135b8dd85700748dbb86a8,26a313e75166439b98b4b2285518c176
49d7363064c435abbda781722d23740c,0ce953ddf7a78e95d020365b1bd87500
8bde51595c490eefa0dba42fd1315956,8e93441820d5d5afa37511061754ef5c
8ba9705e127cc234ac1099643ddec318,d1edb7e2efd6ddd7b9ebb3820fbf0bfd
04675ceecde890a13779bd7b423d4841,b3a46acc765a99163c55f7c2f8923dcb
6ba8e210737638ea37f137e304681ede,a2d5fbe8913a8b62dde8c20238654156
2536e6056fef4937e993f7db6f50ac2b,0df177a985b83dbacfd34722fdcedadf
44d7af76f4271f944b5425dc47cb95e9,b47859299ca7e08145423b1d7c9951c5
c4841967fb0cbe7872fc8f4efc236d40,bf3af86f9436e55fb8e362761d063796
27166d08ba427ac6183793887dd15a09,38d6325acf036dbf813b917539754668
a92ee9d92b78b5ddfae53927e8480cb7,83512298634cfc0251f54e1faa981c22
93072b4dca5d75d5792757dd35427321,85fd75602503e090d55eda813217f4af
1c25be51323b32e6dd6b0283af3e8773,67779330ae6da509117454e19183934a
a352dd15d6175ad18d3c2513d7fd328a,561661049cae3337c966b4c37c04fbc0
70eca2c854517c8ddadcd8edec49f128,441088a9bb8b1be0556087a010c57244
c26f5d52699b7bc6c2d966ef0006eecb,5a67536b31f6201efbcf6a95476a7425
331c797a8b2c04cefcfbdf63ea1caab3,7b0db62379a53e6401a60127d9531351
54a8ca40078704ddfb60cbf5abe29427,4d959f1030623e73ee4e116f035dbb82
ed403267bcc9cb7418d8c8614bc58008,2d7d95e9232b67b8954ff5236dd697ec
0986be435290ddf60fe46412713e4115,7c5d22a7cb629988f380d0e3e1d4b994
b043ffcbfede051de0910e7cdc438ab9,90966305ed5ab8a3c354dc5c69e7575a
eb9e5ffddccb75f2d5bafe0a0d1d3953,8f8be04ee2adf5ef55c7efdfb58cabcb
4cbb0f17f971ed9a76341be8fd8a7b01,621a0124de9a06310f356804396ed41a
b389f135032d592f1d897d380446bfd1,45bc5fa1d18b598d2272507abe30b2ab
de035888b68514d0ab3269da730ebe19,d19258f4ed406e9f10380824785ee955
9abfabe11e9702a31fa0e6b5c78ae53b,94652b55fa3ba8a40b22f6079bda8609
570ac07f3a0cf8e8c1f5a240fc9f93ab,11559d41970baa047145327fe0b592a9
3ddbd8624c5b7c805adfd28628cc4526,7ba6d2ba886b0cd6357fa8ed7e9a022f
b23700e893dfafa7ff1702245e9f4a7e,3b720b308f6de6d6c62f0058f84e85ea
32204a9f61c00c80a1de3a561f463766,3dbc1c16c8b4d2e9eacbcc091d0f9708
6b0701163ea7b384042e1fb6752ac3a5,b0a2bdcc09c34a04a8c0f72295091fb7
344dbdec5873d562b7a1266849f87c34,84dc8688ac45a251af27fe1f2ee8c201
ae20f5a72dcef9fcfcf464fa57d76c10,374313cd0227339856842d7fac58fd3f
c89085f18cbe202f01e004edbc8d5367,7d07f46bd67740dc12138a02da8547eb
ce68926d0673fa32a4310730684e83c5,24d37046e33f872434ff5d4382cf691a
40f29dc933895542433939d3076b5c2d,32c37f6519171286ea8d6d47aa0d017d
56ae19924d83c586ef6eb5e3b1637398,24fc95ede20a857934f4496cb01a39e1
63f6a90dbebb7478bf5f5c5e94dc9af6,64b35772fd2da8aeb5a52897248f1abd
a2f4a4bf84242c0f4c33781d0692bf42,28241cb3abdaf74f747979c0885723aa
4fdbe9e468559ce5db9e0e822c4d2851,5899174054a2f70cec13a9f604076588
d6fa574839b70dfd688dd8cae6544927,771205d8458066222221a372d3529e0a
a9a95be8d61f968d1db0124e8423cbb4,c2115bbe0e40128fb513f3d16fb4c848
02850cf8f9feed7205f0742a59f9b4ad,816103114021c5a3875b3b2ac9168a1d
e0c4b791f6025c8c68e01b4b13e1e370,b9e60daf6a5b6fa07af8b1ae6e7c7c6c
5d054193b58ae3edf4c81384929ab035,dbca72e76b5c48f82a29ac12d948b8a0
e878457f23eb2d27d7bbe691c9cc6603,da8c24300dfe348510f7d82ad23fa7d1
fb6c658efee8df15f4b3d7ae6e66742c,3678d2f214b9f9ef439f9b36a95db751
2ed17056775022eb1e91f9197ede1c6e,b4ec8d6ee156972ead3cf8e8ce896a80
dbc752391718eff4dff81a08cc9439b6,d4fb67d79c187102f00cb8688a711f56
d474ae915c2ecbea1ff4cda36ef314e0,9081f03bd26076e9f234e1abd7f5057a
e071a213d429b9f06600d6d1de4659a4,6ce3ba5bf7f3a049bbb55994a372cc12
bf591a86e658a904078847114fc57be1,ac3b22bd365e4e5bee81ee1e2a8eb0a3
2fb36a9b0f25bcf79c03f6f88f1917d4,af29633889eb04da19d63f60c28f9046
adc5ee894618ff50ac64a51884f3c36b,82fb921d3a11733639a0b950f9494f68
0e5f2cc425f6cd47a4e317ceb3811016,da0dc89347f67ac37b887772bd4fc92f
7af6eae01921b9c3f6807f6035ce5ca9,b11eb98a27b4d453f4b994dc3abfa09e
1dbe9a9b855a65311dc70bab35baaaf4,c0dccc3467d1568a6bbf93b14941c65d
1751e2f3fce473e1def514567f3c7756,4b77101e0ae80475ceea64474a3786e3
563055bff7ee67dfbc8fbfad817ae76f,6819fb10b918632c26fc8f1c46df651b
e9274b6f953fedf04b4576c5bc200691,a64d0c8089352652a38447abbe1db03d
114c89e356ba7f1f4551a4e86f6482bc,bb16f1be36ebd8c48ee7e6575d314b50
a0fa428aa6bd14db49fc832cb4d07719,a023fc2ff42449e496d6e021fdb880c6
a9a3973833055abc5e791239c8683cfc,60d209a50cb530636f2552b2a45a720e
b14456901b04bae33e5d4e29b061d6a0,d38f6cf89226280628b2ce8ac1fbab2a
bfc41d40740e970962e414f11d4b5ce9,9556b3213dda200e3c481141ebee1666
82c70efbab74e7b0af92404dcb38ded3,4a6eae45df68d048cb6065f7d36ebaea
676e5e46f34309adc630e8105129071c,49767d0bbd917b98cf4fdc7bb9c97ab0
5f3741d3315bc0c9746ec1bd20d7c0be,de77c7e000319297333779e26f5623a4
a94bee01051f0bfe9c3e8884d5d359ee,df94831d20050e58a75f7b6609f44675
7fd9939d985b00e5e82a49482b389c3d,04e7bf47194121be8e4c9b1fed732318
2c742eab7dcda98a965f0899f2f9a227,102a5b7d167e07ff71d7f48b2303dfda
ccc602e42ffcf84f792ee92b1489f68b,a73898e82b903dc85b8947164f0c88d9
6658da3f2fe190ef72940e85c6697c6b,b64e9fe6f64bb761e13761dbb1a84240
98c242268cb1c770c2f8f53eb40c2241,9295871399ca6b592695caa45e87efc6
a1e36d3b95236c739d3bef55bbf07815,ef8c27132d55577216bcd2f23e6c4bd9
302576f34c21e368664bb78ee5101626,8b27fecad22009b8c8bf87895e031033
7926c556e9718f526cc410ae8e78083f,ceefb909c8ac87cfc058850164c4b6b8
13e55874fdc2b8759896d9d9bce33f40,339e0b958847844568a29b301300d198
53b07e067630ff54abad6a98591e13e2,cde87446edc9b23e1ef49908c0b7e489
81801de45cdbc2e11d954baa320bc1be,801245a1f70fa407c1e11660f2562bc3
e9aa40fe16acb7c655fb9c441313894b,1cd973c5d5196813be9d9599c1e3f5a0
17c5a32d1152f54ef66607eb2df589f9,8a8262e1a38d6c05804bbc765b8e2636
b9fd10d7a7202a1fb13ff6b7d08bdcac,0f9eb3d9e9c6d6c13ca5e03f47520df2
1010c466a6fc7f625cbf017c66693851,24af466320ffe900d9631a5127da1879
d37ebd156c24b0c801e6a0b75c4ed5d1,d08dc947b6349242f3820deab4544655
c434e6c23bed14ef7c1cef0599f21e4c,53819092a3620e9de212058e3a8c302c
5d978cf7b1e3de55d55615509497db6f,3c03641e2719282a7b89d7309df3593b
650715dccdac16cb841093c024bb3eb9,7d5cf820a7ee0282076008e0f3ce9349
eaa7b00f7182a77c7cbe5f375dc89049,9ac076364f93706aad2674d3ff38dd2c
e124f45305d01d4a32c25db48fae823b,95ce1e007f35ce52f826496735c221e9
d0aaaf61fb928ab32006b81edf5ec9b4,a963384d596ccb111ec302d2ae11bf11
aee014a0919dccd2e4b3041815063ca5,dbbc29abb75c114a14eb7f97e289e062
a5e65ec6597a35ee2192cc80337d303d,5cccb754c6ab4d381066c42ccfa3c3b6
1dd9ad1cc6e4c42e2daf0b418c6eba0e,c5198cff1d0286d6f3f10c1c9a2481dd
f6dc38732f2bc425ab5420c631752b23,6d5f2184baa868e83da8ceea66e5b81d
2293eefe951c81079a665ffa7c97e608,65be2b874b8d9516c9b1cee64cf047bd
8fbd7b13f5590d4cc4625fff8aed5dc8,76751e46cbd3821940b12ffe2ea40009
348c4e4bc1e53e11627e4da4de1b987f,3d3f65d3e6e57b1e60115d9197c8efab
6bf403b2982480e1049698d086c55008,9b3f9c63c5a262f01d46c37d51783fd8
2e333853335795aea92b85dd0a63b3c3,9dd3b58fe7a90d5227b465621ed3bf7f
02a3bbccb89aca49eb2f380a06094daa,ada81117e8f6c72798e8741cf39526ce
21e420c06d38108907604a4736a21b33,66f5b78a5de619f72fb28c335f027482
015ca3652eaf12b0cbb6c6d5c9863539,f69f47b96c6e64d7de6ae49c8471cca5
13b98108613b85943ce591109779e926,5967bf3dfc7d728ec8c24527cd468082
b0d71d5505df848b6e550db890ce48e5,ece45f512dd91d14779403471d3aa1c5
0ff7833e17cf10303d75b01c6c45baca,23bcb4170e135714c007647ebc7a4a31
19a05978c65b471c2a4effe8aeb0416d,809b91205b25da399a12cf0f98845667
032d5e8aeda7a55a9d6c68749e5a0353,c04f88c038e96da0c1eb0bf0a54218ac
4ebb8c9e1814dff9e50a0e164babbb9b,b9102b3bb2c1da62b79d1d296e02b3fd
93c1932d22ecd0113e28c2a75d2b982e,6b95765aea1b5364b58afd9be126ff55
1b2022cc7a80d262d67fab7f46a09296,a92ed7a0423d1b0c755ba72d8cb72d40
83b2b4f8dbefe5ea2a4d7c79d8fa7adc,c1b55679b533d73ebd68521ca233affb
64bbb1cf0eeb1a75f59636ad8482cbef,f795fed3bed7bc725074f78e1eee557c
766bfc4e68197005f3ed6f07d9f0792c,8da5a414c60677c754e59893eb0e87dc
1834034fe570129b6108da3ac4a4b29c,0aaa7eb691877fa9ff4d69549187eae1
efdb19933cb974e39b68ab74b3beb30e,4f0ee7e170d9ca5404baf4452379ea35
a7dd2ca0c9416aba9b6d599cbe2edb87,5cb110ee5c74e3dd2ffd8dbf33c0769d
1b1f1a9affeb4629d25a010080dede81,a31f8e85977e50a4c083b39f405cab6e
ac2d78f056a43936cd4467355960d1cc,25ad314d6bcdfbaee90f9be90a0fbb04
cfae6b4ae87f3827b44bf66285a9d96a,74aa4495c9a6b3b1d7468b1fc98b08d3
c21adf8436015a907b2abcad069a2552,5fee91a391f7370cb3b245bff3bb0fa3
80e86bd7d51368bfd658d50cd3377c17,1b5963bce834d14323daa3597e8c2cdb
dc821d8cc0922f028c19f7877286d10c,be95e8f838faf262ce7b217df5caa12d
b50b96360dd303012365e8b85daa90f2,00e69b239759f738527861e4feb5c907
481938041c9d04d009b4bfd7b7ba3712,96e7e21fb91b2d7fc7a9aadece97a8a5
f4d1be21d43d3b55cf4cafbf3b986358,4b7cbedacafb06fb35039856e9036c3a
31aba879f0ca396986ea16c542aabeaa,8f37f2e2a3b33ef687fb7bb7e68ddfb9
0a8835fc4a1fa4a6ad4484ae794e0890,c3b6beb000c8e9d2ee7c0873c2ce4452
b7859e4013edfe6ecc5592f4a1514a04,b32236fadc24d9cdf90cd4823666144b
13badaef1cfcf95ca1a7eca0f63bf6c2,ceb85f35fbe4574d9a3df1b617f9afff
2efb93d901aa7a5167531265cad89e61,8c8e77dc54fcc16fed9da279aab4219e
5a66930b1a7369514d22ff89f27df1a3,5688947cbaa6ddc215c40c2a9a9d9801
d18b3acf008448dc56ca0340da57b863,bf69eedf672ae019fd0aaa8e984ab33a
680ffbe32283ec3b6cd8b1b9b145a02b,7e8bc9e03e0614e5a4357862df9b0e26
6ed88e0db6996f9473be9cc0d776300a,c54740b57c742f1d844c6cda93e016f7
ded45119e54d836dbcb706498bb751ea,7cda9ec650f103872e106715ef5e3f2a
36d447b22276d4611613cbedd19bed87,c88cee764f16f9b376b6e176c5a5a1eb
2f16c5fe281d015aa4fb3c942e1ef511,d285949ae6970c512a468a0d7ab3e72f
0e536d98ef43631f4c516b09c2272a4a,d70e16241766abe356eeb934338351d0
f7e75382c227ae702104116b4857e064,b2e70e34e4194a09cadfd44c957eed2a
1f25f2c152a81c2ee936dd8eb1512e90,75e558eb6cc42d8c841eb29986aaf4c9
f7bc2ae9ed03022fd36858ed9e4e231c,b5cb9d7f820b31065a18d075d83ec9a1
fb81b2cada31900c6579a9b3e0f34ddb,512487d3e209a700efdbdc0530f535a4
56e948cafb5cf9f06b868aa48b029e12,ed904722f77c974cbe8e0dbefc05b1a5
e996132a614711e9b452217c3adf7b99,ac03ae75a51b6e95e75e7f65e46c3168
460aba154e88e95c9944c713f5adcb8b,bf8af0966b1de67960e74ee7eb70d78a
57adc3d80511fa1fe9ea5b8503e6a639,23e70acddc809f51118666b3897a4ea4
a22ff6a628ff844141b6d179712f6452,60f87ffd1426a01e41703efbbf28cf68
0d1f2d4379aeb3f6301deb6020259710,cceb0644d93941aa0ec63a3835589519
5cc39dab77df3b54e2aea2093034ecb8,022bc2a9eb94b0b6c55c594ec24688b2
f42a0da56555d05f6344a9519406f825,f0ddc8e09eb70de704158d356698f694
d05527e39b47be3c830782922c247448,070dc074bc6c7fe6de184abe4eae4c2d
3df5d9ce65d6f95722cde8d7523440eb,a1ff3bf78a5ebdc9f1d243e073698290
758bdf17c90333584188484bea43456e,f66c34f8b5af0bfb1ca65c38d1c9a595
1399a8cef65749797ebc1b1625d08475,a1fe84b90abed409e5075328fb98a928
471ae1390b549905775621765846af6b,d5d3f18cfb236f72392b4556fc3cfb21
14e2fdc8e3e39444f15be8329e7ec0e7,b181ed27e245ea956f61a63bbabaef17
821509b60057f4690b8201f98f181db1,71813f04f37d3ce5cfee318dade3e869
7ff2476f4d9aff2c1a014a0ca05369ed,2cc787b8671f8f6af22d59c989c26d46
bbc0a2b21816c84ae26df119c564185f,7abacca51437ce09e8f1744c03469c16
b63a7019ec64b3d01cef608ac000bc66,0f31d5e49f8c31f6943bde9dc0228519
312d63cc626f5b7b82a379f81101758a,f206cab16c89d04a2b02f3cefdcd1c4c
6ef28fb0c3d5aca749c4ca0ed262f20d,537065429041516100acb87d4c6ae2e7
6022278d5c6b25b3f0382fcb63e34f3b,4a8fb723b62ea1cd5f66f5b3f622ff1a
67636e1760b29c8c46b800782a27d82e,3506acb3abea391d0688622ffc495a5b
313fc6dc5b915d15fdb11ac5d17185be,e86c6bbe8ace1a7c6d7c366b53d7cffd
561460ac2eb92936ceaa6ab2c3224c7a,ab1479445a5984ab807d91c9f3874879
043d9188028f973c821f2a6b86f41272,fcd9261fff7a3a59901fca3bd68ec389
45cbaa21d8acb496669e430af5e54b77,02d54225e948026548568b287eb9fdf9
6c18d0cd0486ab5c39c6adfb45f1858b,ab404bc18c70d632d91d498be405c381
608571a9993de8139b0de94c85e1b1cd,4d8ff7cb145c20f059e4deeecfcac3ab
6d06511081ab4bd14a434dfb1aca47cd,1dc84bade8effdc784a6bc75354f6d59
278b597ae5239cf5b116112bcf6b67cd,847a67c944edd0082c169d1b8edc29c9
267a8bc695e161c7c5d6f61737e739c9,947baae8fbc0c9a7ffa6a2716d0e286f
b82bfc13dfbeb184c0b2f6c2568e4a8c,588d81ef919c5f70474cfa2a7a9b3e49
6b2e73cda29efd6d03b9449da92be44e,fe1cb261a4ff5bbc62cc5077a8372885
e72e4348c6bfde952712770e7c61b52f,654ea877ff6e097104a03e2d41de4c0f
01b7b676d356740004e5fba1d38c9e51,d0e2aefabe784970a466f81921908fde
37d834c02f6c69445f5ddf2021adbbbc,c561300fc7d004f1121d11fe419c40e3
006dc02a3c6fb8251f1eb29dee8c736d,8ae8df2e20b1f20343ae55c342f1064d
0d5a6cd39cead182f9542a4be4c9cdd2,fda565a3f4dfc79149f1caff60a5ae86
7cd21be615bab6cb1aeda288d6e56e09,ece35a0422eacd0955cb818101f4c47c
1c66373578fc64e96b40c27e9ed7889e,adeae0eb249d2dd8c49eacae34ff7900
82f4a821b95f6230ce9fb96b3d6208f4,e81644c4e3b8c04f88aeb45319aacc66
e104e859638a812af41ac6044ee18352,5ff1fadf04816eaa00f96d2a6373d749
00aad0b15e0a88a0ed09ea897e8a154c,fee0c7143ffe08e86df51387f6f1d137
83fcbe3fa66de90bfdf03a3f297ef2a1,d2d6020775d3b5fe1f1d141cc9540eb6
